,heat,T,objective
0,0.0,21.159063,2219.716351669
1,0.0,21.104142,
2,0.0,21.04925,
3,0.0,20.994372,
4,0.0,20.939627,
5,0.0,20.884885,
6,0.0,20.83014,
7,0.0,20.775367,
8,0.0,20.720605,
9,0.0,20.666019,
10,0.0,20.611575,
11,0.0,20.557289,
12,0.0,20.503045,
13,0.0,20.448828,
14,0.0,20.394739,
15,0.0,20.340712,
16,0.0,20.286727,
17,0.0,20.232815,
18,0.0,20.17908,
19,0.0,20.125435,
20,0.0,20.071863,
21,4.2013868,20.018372,
22,6.4097447,20.0,
23,6.4140981,20.0,
24,6.4135594,20.0,
25,6.4150127,20.0,
26,6.4221659,20.0,
27,6.4286364,20.0,
28,6.4237318,20.0,
29,6.4237443,20.0,
30,6.4248217,20.0,
31,6.4289997,20.0,
32,6.4365478,20.0,
33,6.4333595,20.0,
34,6.4308163,20.0,
35,6.4297264,20.0,
36,6.4261998,20.0,
37,6.4173741,20.0,
38,6.4230053,20.0,
39,6.4340861,20.0,
40,6.4397048,20.0,
41,6.4402623,20.0,
42,6.4527962,20.0,
43,6.4702224,20.0,
44,6.4749578,20.0,
45,6.46969,20.0,
46,6.4535228,20.0,
47,6.421289,20.0,
48,6.3815886,20.0,
49,6.3597277,20.0,
50,6.3410803,20.0,
51,6.3309087,20.0,
52,6.323072,20.0,
53,6.3018428,20.0,
54,6.2755037,20.0,
55,6.2509867,20.0,
56,6.2277287,20.0,
57,6.2095646,20.0,
58,6.1946687,20.0,
59,6.185742,20.0,
60,6.1835871,20.0,
61,6.1739592,20.0,
62,6.1783188,20.0,
63,6.1886737,20.0,
64,6.2038083,20.0,
65,6.2162846,20.0,
66,6.2250037,20.0,
67,6.2293637,20.0,
68,6.227309,20.0,
69,6.2219154,20.0,
70,6.2130154,20.0,
71,6.2086568,20.0,
72,6.2038084,20.0,
73,6.2010271,20.0,
74,6.2021171,20.0,
75,6.2064771,20.0,
76,6.211744,20.0,
77,6.2283614,20.0,
78,6.2480747,20.0,
79,6.2596988,20.0,
80,6.2646037,20.0,
81,6.2584272,20.0,
82,6.2601059,20.0,
83,6.2626054,20.0,
84,6.2589722,20.0,
85,6.2555215,20.0,
86,6.2451687,20.0,
87,6.2368121,20.0,
88,6.2270021,20.0,
89,6.2138048,20.0,
90,6.1957587,20.0,
91,6.1810437,20.0,
92,6.164521,20.0,
93,6.1528282,20.0,
94,6.1358121,20.0,
95,6.1171033,20.0,
96,6.1036604,20.0,
97,6.0906811,20.0,
98,6.0784121,20.0,
99,6.0756871,20.0,
100,6.0647871,20.0,
101,6.0546137,20.0,
102,6.0508686,20.0,
103,6.0284571,20.0,
104,6.0331804,20.0,
105,6.0292965,20.0,
106,6.0250054,20.0,
107,6.0135604,20.0,
108,6.0070205,20.0,
109,6.0248237,20.0,
110,5.9984279,20.0,
111,5.9906737,20.0,
112,5.9895831,20.0,
113,5.9957967,20.0,
114,5.9892204,20.0,
115,5.9917637,20.0,
116,5.9882557,20.0,
117,5.9835887,20.0,
118,5.9648777,20.0,
119,5.9794104,20.0,
120,5.9386202,20.0,
121,5.9287294,20.0,
122,5.9349054,20.0,
123,5.9354504,20.0,
124,5.9409004,20.0,
125,5.9428987,20.0,
126,5.9561587,20.0,
127,5.9285475,20.0,
128,5.9434429,20.0,
129,5.9424787,20.0,
130,5.9390837,20.0,
131,5.9487117,20.0,
132,5.9654538,20.0,
133,5.9374487,20.0,
134,5.9359954,20.0,
135,5.9396726,20.0,
136,5.9430804,20.0,
137,5.9249141,20.0,
138,5.9233603,20.0,
139,5.9234606,20.0,
140,5.9243687,20.0,
141,5.9256404,20.0,
142,5.9321303,20.0,
143,5.9289104,20.0,
144,5.9205543,20.0,
145,5.9166972,20.0,
146,5.9370854,20.0,
147,5.9160146,20.0,
148,5.9377434,20.0,
149,5.9383571,20.0,
150,5.9468641,20.0,
151,5.9614258,20.0,
152,5.9617897,20.0,
153,5.9539798,20.0,
154,5.9633488,20.0,
155,5.9717804,20.0,
156,5.9894835,20.0,
157,5.9781387,20.0,
158,5.9886754,20.0,
159,5.993693,20.0,
160,5.9970309,20.0,
161,6.0021168,20.0,
162,5.9938686,20.0,
163,5.9928537,20.0,
164,5.9895837,20.0,
165,5.9949201,20.0,
166,6.0082921,20.0,
167,6.0106537,20.0,
168,5.9961471,20.0,
169,5.9715987,20.0,
170,5.937925,20.0,
171,5.9123132,20.0,
172,5.8994426,20.0,
173,5.8838609,20.0,
174,5.8637433,20.0,
175,5.8688164,20.0,
176,5.8874937,20.0,
177,5.8764136,20.0,
178,5.8635977,20.0,
179,5.8636748,20.0,
180,5.8656969,20.0,
181,5.8936545,20.0,
182,5.917649,20.0,
183,5.92328,20.0,
184,5.8885677,20.0,
185,5.8860408,20.0,
186,5.8711463,20.0,
187,5.8532752,20.0,
188,5.833036,20.0,
189,5.8402637,20.0,
190,5.8435337,20.0,
191,5.8461898,20.0,
192,5.8489837,20.0,
193,5.8636986,20.0,
194,5.8795136,20.0,
195,5.8622454,20.0,
196,5.8357772,20.0,
197,5.8323229,20.0,
198,5.839429,20.0,
199,5.8279826,20.0,
200,5.8276443,20.0,
201,5.8004889,20.0,
202,5.7721687,20.0,
203,5.7733242,20.0,
204,5.7688583,20.0,
205,5.7462948,20.0,
206,5.7479892,20.0,
207,5.7241453,20.0,
208,5.6972745,20.0,
209,5.6839008,20.0,
210,5.6865023,20.0,
211,5.686746,20.0,
212,5.6874542,20.0,
213,5.6950001,20.0,
214,5.7032215,20.0,
215,5.6986887,20.0,
216,5.7180853,20.0,
217,5.7084987,20.0,
218,5.6874108,20.0,
219,5.6541174,20.0,
220,5.5819745,20.0,
221,5.4723025,20.0,
222,5.4589658,20.0,
223,5.4601631,20.0,
224,5.4062496,20.0,
225,5.2098398,20.0,
226,5.1127725,20.0,
227,5.2209115,20.0,
228,5.2573763,20.0,
229,5.1562873,20.0,
230,5.2109821,20.0,
231,5.1239799,20.0,
232,5.0747972,20.0,
233,5.1658634,20.0,
234,5.1862207,20.0,
235,5.2209485,20.0,
236,5.1930933,20.0,
237,5.1649462,20.0,
238,5.1355042,20.0,
239,5.0922155,20.0,
240,5.1069815,20.0,
241,5.1041943,20.0,
242,5.1502865,20.0,
243,5.1912941,20.0,
244,5.1486291,20.0,
245,5.103772,20.0,
246,5.0421052,20.0,
247,5.0321586,20.0,
248,4.9303863,20.0,
249,4.9219721,20.0,
250,4.9038416,20.0,
251,4.9004688,20.0,
252,4.9883617,20.0,
253,5.0459613,20.0,
254,5.108707,20.0,
255,5.1551962,20.0,
256,5.1247445,20.0,
257,5.1555292,20.0,
258,5.1711237,20.0,
259,5.1603238,20.0,
260,5.1881451,20.0,
261,5.2268957,20.0,
262,5.2216634,20.0,
263,5.2139071,20.0,
264,5.2018982,20.0,
265,5.2035081,20.0,
266,5.2035024,20.0,
267,5.1958395,20.0,
268,5.1846161,20.0,
269,5.1656142,20.0,
270,5.1415605,20.0,
271,5.1170124,20.0,
272,5.1466143,20.0,
273,5.1621615,20.0,
274,5.1822804,20.0,
275,5.1821222,20.0,
276,5.1348392,20.0,
277,5.1210104,20.0,
278,5.1240125,20.0,
279,5.1107809,20.0,
280,5.1189447,20.0,
281,5.1234967,20.0,
282,5.129288,20.0,
283,5.1631937,20.0,
284,5.1546526,20.0,
285,5.1665444,20.0,
286,5.1772312,20.0,
287,5.163813,20.0,
288,5.1431641,20.0,
289,5.1614113,20.0,
290,5.1592351,20.0,
291,5.1585448,20.0,
292,5.1631627,20.0,
293,5.177901,20.0,
294,5.1782806,20.0,
295,5.1482874,20.0,
296,5.1336951,20.0,
297,5.1434313,20.0,
298,5.1735927,20.0,
299,5.190196,20.0,
300,5.1909856,20.0,
301,5.1996477,20.0,
302,5.2132702,20.0,
303,5.2456402,20.0,
304,5.2574584,20.0,
305,5.2619714,20.0,
306,5.2613387,20.0,
307,5.2628367,20.0,
308,5.2632623,20.0,
309,5.2674851,20.0,
310,5.2755883,20.0,
311,5.2881158,20.0,
312,5.3051967,20.0,
313,5.3091933,20.0,
314,5.313735,20.0,
315,5.3240712,20.0,
316,5.327178,20.0,
317,5.3255433,20.0,
318,5.3330145,20.0,
319,5.3420717,20.0,
320,5.3547633,20.0,
321,5.3617841,20.0,
322,5.3742734,20.0,
323,5.371208,20.0,
324,5.3853563,20.0,
325,5.3833378,20.0,
326,5.3583868,20.0,
327,5.3577732,20.0,
328,5.3759317,20.0,
329,5.3822551,20.0,
330,5.3843967,20.0,
331,5.3799924,20.0,
332,5.3890327,20.0,
333,5.4041627,20.0,
334,5.4458739,20.0,
335,5.4548067,20.0,
336,5.5292666,20.0,
337,5.5942056,20.0,
338,5.5796732,20.0,
339,5.5162124,20.0,
340,5.4756623,20.0,
341,5.4531348,20.0,
342,5.455112,20.0,
343,5.4590885,20.0,
344,5.4625919,20.0,
345,5.4625403,20.0,
346,5.46992,20.0,
347,5.4813169,20.0,
348,5.4573389,20.0,
349,5.4311805,20.0,
350,5.411817,20.0,
351,5.4257753,20.0,
352,5.4492755,20.0,
353,5.4720374,20.0,
354,5.4878329,20.0,
355,5.5029768,20.0,
356,5.5173253,20.0,
357,5.5272858,20.0,
358,5.5379456,20.0,
359,5.54042,20.0,
360,5.5576073,20.0,
361,5.5759778,20.0,
362,5.5914869,20.0,
363,5.5962098,20.0,
364,5.6018482,20.0,
365,5.6216201,20.0,
366,5.6321525,20.0,
367,5.642898,20.0,
368,5.6601436,20.0,
369,5.6854939,20.0,
370,5.6927844,20.0,
371,5.6886226,20.0,
372,5.6824294,20.0,
373,5.6776376,20.0,
374,5.6748919,20.0,
375,5.6811896,20.0,
376,5.688493,20.0,
377,5.6940561,20.0,
378,5.6993253,20.0,
379,5.7026183,20.0,
380,5.7029371,20.0,
381,5.7102642,20.0,
382,5.71951,20.0,
383,5.7260054,20.0,
384,5.7133343,20.0,
385,5.7139011,20.0,
386,5.7366073,20.0,
387,5.767717,20.0,
388,5.7828957,20.0,
389,5.8186479,20.0,
390,5.8463033,20.0,
391,5.8642434,20.0,
392,5.9001442,20.0,
393,5.9188514,20.0,
394,5.9278204,20.0,
395,5.9394972,20.0,
396,5.946395,20.0,
397,5.9492332,20.0,
398,5.9469733,20.0,
399,5.9488252,20.0,
400,5.9501415,20.0,
401,5.950306,20.0,
402,5.9519821,20.0,
403,5.9528219,20.0,
404,5.9492535,20.0,
405,5.9486435,20.0,
406,5.9509813,20.0,
407,5.9548001,20.0,
408,5.9589493,20.0,
409,5.9503232,20.0,
410,5.9574731,20.0,
411,5.965693,20.0,
412,5.9731413,20.0,
413,5.9787609,20.0,
414,5.9914896,20.0,
415,5.9947834,20.0,
416,5.9989606,20.0,
417,5.9985141,20.0,
418,6.0003892,20.0,
419,5.997189,20.0,
420,5.9863693,20.0,
421,5.978773,20.0,
422,5.9757085,20.0,
423,5.9873556,20.0,
424,5.9956676,20.0,
425,6.0048615,20.0,
426,6.0200526,20.0,
427,6.0452965,20.0,
428,6.0612669,20.0,
429,6.0731868,20.0,
430,6.0913527,20.0,
431,6.1133093,20.0,
432,6.1341774,20.0,
433,6.15148,20.0,
434,6.1607003,20.0,
435,6.1785507,20.0,
436,6.1884921,20.0,
437,6.1933285,20.0,
438,6.1922319,20.0,
439,6.1854037,20.0,
440,6.1748678,20.0,
441,6.161189,20.0,
442,6.1557954,20.0,
443,6.1719618,20.0,
444,6.1899517,20.0,
445,6.1970304,20.0,
446,6.1939421,20.0,
447,6.1914641,20.0,
448,6.1888554,20.0,
449,6.1855615,20.0,
450,6.1757755,20.0,
451,6.1705266,20.0,
452,6.1632435,20.0,
453,6.1587021,20.0,
454,6.1536154,20.0,
455,6.1531205,20.0,
456,6.1548871,20.0,
457,6.1567037,20.0,
458,6.1596104,20.0,
459,6.1576121,20.0,
460,6.1586335,20.0,
461,6.1607004,20.0,
462,6.1658577,20.0,
463,6.1923071,20.0,
464,6.2159216,20.0,
465,6.2226421,20.0,
466,6.2171359,20.0,
467,6.211381,20.0,
468,6.2066587,20.0,
469,6.2064395,20.0,
470,6.2041154,20.0,
471,6.2046604,20.0,
472,6.2012087,20.0,
473,6.1934597,20.0,
474,6.1850404,20.0,
475,6.1815887,20.0,
476,6.183111,20.0,
477,6.1834054,20.0,
478,6.1804987,20.0,
479,6.1815324,20.0,
480,6.1770472,20.0,
481,6.1743224,20.0,
482,6.187496,20.0,
483,6.1994606,20.0,
484,6.2132027,20.0,
485,6.2140243,20.0,
486,6.2115129,20.0,
487,6.2112999,20.0,
488,6.2116631,20.0,
489,6.2088885,20.0,
490,6.2064169,20.0,
491,6.2019124,20.0,
492,6.1901978,20.0,
493,6.1801472,20.0,
494,6.1723213,20.0,
495,6.1706919,20.0,
496,6.1627105,20.0,
497,6.1515317,20.0,
498,6.1373383,20.0,
499,6.1244925,20.0,
500,6.1191317,20.0,
501,6.1057045,20.0,
502,6.0929604,20.0,
503,6.0870632,20.0,
504,6.0813579,20.0,
505,6.076571,20.0,
506,6.071967,20.0,
507,6.0672772,20.0,
508,6.0583726,20.0,
509,6.0565761,20.0,
510,6.0558818,20.0,
511,6.0432086,20.0,
512,6.0201247,20.0,
513,5.9767455,20.0,
514,5.9663048,20.0,
515,5.9625805,20.0,
516,5.9571859,20.0,
517,5.9483691,20.0,
518,5.8969679,20.0,
519,5.8738871,20.0,
520,5.8359342,20.0,
521,5.7866382,20.0,
522,5.7567786,20.0,
523,5.7517203,20.0,
524,5.7368225,20.0,
525,5.748396,20.0,
526,5.7250059,20.0,
527,5.7115532,20.0,
528,5.697083,20.0,
529,5.6714894,20.0,
530,5.6399267,20.0,
531,5.6140427,20.0,
532,5.5868745,20.0,
533,5.5838706,20.0,
534,5.6598019,20.0,
535,5.710292,20.0,
536,5.7596823,20.0,
537,5.7477354,20.0,
538,5.7302998,20.0,
539,5.6818734,20.0,
540,5.6550625,20.0,
541,5.6743271,20.0,
542,5.7060339,20.0,
543,5.7108701,20.0,
544,5.7320497,20.0,
545,5.7116834,20.0,
546,5.7247337,20.0,
547,5.7300131,20.0,
548,5.7072974,20.0,
549,5.7255844,20.0,
550,5.7119775,20.0,
551,5.692202,20.0,
552,5.6877576,20.0,
553,5.694877,20.0,
554,5.6691654,20.0,
555,5.674826,20.0,
556,5.6550921,20.0,
557,5.6584496,20.0,
558,5.6640369,20.0,
559,5.6655516,20.0,
560,5.6869079,20.0,
561,5.6911313,20.0,
562,5.6874936,20.0,
563,5.6905156,20.0,
564,5.6747524,20.0,
565,5.666198,20.0,
566,5.6705701,20.0,
567,5.6866168,20.0,
568,5.696133,20.0,
569,5.7053153,20.0,
570,5.6983166,20.0,
571,5.6872212,20.0,
572,5.6925154,20.0,
573,5.7110614,20.0,
574,5.7122496,20.0,
575,5.7284781,20.0,
576,5.7331094,20.0,
577,5.7264558,20.0,
578,5.7170555,20.0,
579,5.7264034,20.0,
580,5.73893,20.0,
581,5.7535765,20.0,
582,5.7576345,20.0,
583,5.7661882,20.0,
584,5.7675515,20.0,
585,5.7730417,20.0,
586,5.7758021,20.0,
587,5.7770193,20.0,
588,5.7810092,20.0,
589,5.7789376,20.0,
590,5.7821789,20.0,
591,5.7800416,20.0,
592,5.7803392,20.0,
593,5.7835108,20.0,
594,5.7847074,20.0,
595,5.7874052,20.0,
596,5.7911183,20.0,
597,5.7906738,20.0,
598,5.7897661,20.0,
599,5.788903,20.0,
600,5.7882902,20.0,
601,5.7886286,20.0,
602,5.7883103,20.0,
603,5.7926027,20.0,
604,5.7971898,20.0,
605,5.8006637,20.0,
606,5.8046811,20.0,
607,5.8078348,20.0,
608,5.8099679,20.0,
609,5.8141246,20.0,
610,5.8164145,20.0,
611,5.8147069,20.0,
612,5.8183985,20.0,
613,5.8263918,20.0,
614,5.8342217,20.0,
615,5.8393922,20.0,
616,5.8486857,20.0,
617,5.8583587,20.0,
618,5.8704522,20.0,
619,5.8786739,20.0,
620,5.8833951,20.0,
621,5.8865397,20.0,
622,5.8884817,20.0,
623,5.8852118,20.0,
624,5.8751413,20.0,
625,5.8705,20.0,
626,5.8734067,20.0,
627,5.8830328,20.0,
628,5.8992,20.0,
629,5.9042867,20.0,
630,5.9071933,20.0,
631,5.9319664,20.0,
632,5.9640496,20.0,
633,5.9780367,20.0,
634,5.9817765,20.0,
635,5.9798533,20.0,
636,5.9758567,20.0,
637,5.9886172,20.0,
638,6.0018333,20.0,
639,5.9871196,20.0,
640,6.02127,20.0,
641,6.0217649,20.0,
642,6.032715,20.0,
643,6.0307167,20.0,
644,6.0291318,20.0,
645,5.9972927,20.0,
646,5.9960207,20.0,
647,6.0365289,20.0,
648,6.0394797,20.0,
649,6.016365,20.0,
650,6.0338044,20.0,
651,6.071225,20.0,
652,6.0949016,20.0,
653,6.1041033,20.0,
654,6.0930223,20.0,
655,6.0903418,20.0,
656,6.105375,20.0,
657,6.1375277,20.0,
658,6.155875,20.0,
659,6.1378719,20.0,
660,6.1202717,20.0,
661,6.122815,20.0,
662,6.1289272,20.0,
663,6.1286267,20.0,
664,6.122815,20.0,
665,6.1288089,20.0,
666,6.1220883,20.0,
667,6.11246,20.0,
668,6.1034957,20.0,
669,6.09938,20.0,
670,6.1011967,20.0,
671,6.0995617,20.0,
672,6.0942933,20.0,
673,6.0970058,20.0,
674,6.1033767,20.0,
675,6.103195,20.0,
676,6.0989352,20.0,
677,6.0957467,20.0,
678,6.0913873,20.0,
679,6.0813983,20.0,
680,6.07504,20.0,
681,6.0643217,20.0,
682,6.0608763,20.0,
683,6.0585083,20.0,
684,6.0541483,20.0,
685,6.048249,20.0,
686,6.0339867,20.0,
687,6.029445,20.0,
688,6.0356217,20.0,
689,6.0398313,20.0,
690,6.042525,20.0,
691,6.0459763,20.0,
692,6.0514051,20.0,
693,6.061415,20.0,
694,6.0704983,20.0,
695,6.0678924,20.0,
696,6.0757667,20.0,
697,6.0859391,20.0,
698,6.0973566,20.0,
699,6.0901162,20.0,
700,6.0837598,20.0,
701,6.0735867,20.0,
702,6.0689448,20.0,
703,6.07286,20.0,
704,6.0661383,20.0,
705,6.0694083,20.0,
706,6.0885885,20.0,
707,6.0888451,20.0,
708,6.0886633,20.0,
709,6.0944752,20.0,
710,6.1052497,20.0,
711,6.101015,20.0,
712,6.0977456,20.0,
713,6.0621041,20.0,
714,6.0677733,20.0,
715,6.0743133,20.0,
716,6.0731544,20.0,
717,6.0637767,20.0,
718,6.06305,20.0,
719,6.0844863,20.0,
720,6.0987598,20.0,
721,6.1144583,20.0,
722,6.129535,20.0,
723,6.1462467,20.0,
724,6.171547,20.0,
725,6.199835,20.0,
726,6.2174545,20.0,
727,6.230715,20.0,
728,6.2379817,20.0,
729,6.2566916,20.0,
730,6.2586901,20.0,
731,6.2744996,20.0,
732,6.2750383,20.0,
733,6.2984714,20.0,
734,6.3015595,20.0,
735,6.289935,20.0,
736,6.2821233,20.0,
737,6.27413,20.0,
738,6.2648655,20.0,
739,6.2472467,20.0,
740,6.228535,20.0,
741,6.2125881,20.0,
742,6.2094633,20.0,
743,6.1974733,20.0,
744,6.199835,20.0,
745,6.2194521,20.0,
746,6.224175,20.0,
747,6.2212683,20.0,
748,6.22472,20.0,
749,6.2276705,20.0,
750,6.2330767,20.0,
751,6.2434317,20.0,
752,6.24761,20.0,
753,6.2548757,20.0,
754,6.26323,20.0,
755,6.2734033,20.0,
756,6.2685669,20.0,
757,6.2619583,20.0,
758,6.263775,20.0,
759,6.2667819,20.0,
760,6.26868,20.0,
761,6.2706783,20.0,
762,6.2781267,20.0,
763,6.2843221,20.0,
764,6.2971996,20.0,
765,6.2902976,20.0,
766,6.2707469,20.0,
767,6.2619583,20.0,
768,6.2725635,20.0,
769,6.2740396,20.0,
770,6.2613305,20.0,
771,6.2677606,20.0,
772,6.2739023,20.0,
773,6.2734323,20.0,
774,6.2719505,20.0,
775,6.2803329,20.0,
776,6.2712401,20.0,
777,6.2667953,20.0,
778,6.2621485,20.0,
779,6.2646384,20.0,
780,6.2790045,20.0,
781,6.2655653,20.0,
782,6.2506749,20.0,
783,6.2100002,20.0,
784,6.1955992,20.0,
785,6.1817265,20.0,
786,6.1538998,20.0,
787,6.1321709,20.0,
788,6.1271785,20.0,
789,6.1584204,20.0,
790,6.2371601,20.0,
791,6.2233577,20.0,
792,6.1870861,20.0,
793,6.0302958,20.0,
794,5.8894396,20.0,
795,5.62767,20.0,
796,5.8615017,20.0,
797,5.8745433,20.0,
798,5.8492247,20.0,
799,5.8163701,20.0,
800,5.8086947,20.0,
801,5.4668865,20.0,
802,5.3858271,20.0,
803,5.3043945,20.0,
804,5.1773947,20.0,
805,5.4895126,20.0,
806,5.5193943,20.0,
807,5.5064983,20.0,
808,5.5550589,20.0,
809,5.5821257,20.0,
810,5.5961329,20.0,
811,5.6378518,20.0,
812,5.7740871,20.0,
813,5.7700951,20.0,
814,5.7122924,20.0,
815,5.7190957,20.0,
816,5.7588448,20.0,
817,5.81937,20.0,
818,5.853357,20.0,
819,5.8046734,20.0,
820,5.7272521,20.0,
821,5.7228858,20.0,
822,5.6692909,20.0,
823,5.6744294,20.0,
824,5.6720564,20.0,
825,5.7235678,20.0,
826,5.7183206,20.0,
827,5.723536,20.0,
828,5.7684067,20.0,
829,5.7015576,20.0,
830,5.7741131,20.0,
831,5.5275856,20.0,
832,5.5026082,20.0,
833,5.4722452,20.0,
834,5.1530832,20.0,
835,4.9713995,20.0,
836,4.7894105,20.0,
837,4.974298,20.0,
838,5.6256727,20.0,
839,5.2574433,20.0,
840,5.328924,20.0,
841,5.2262716,20.0,
842,4.8017979,20.0,
843,4.7678749,20.0,
844,5.2031314,20.0,
845,4.9010717,20.0,
846,4.8894221,20.0,
847,4.8537686,20.0,
848,4.9471369,20.0,
849,4.9003861,20.0,
850,4.9216506,20.0,
851,4.9526228,20.0,
852,4.9548662,20.0,
853,4.9570687,20.0,
854,5.283183,20.0,
855,5.0834844,20.0,
856,5.0977888,20.0,
857,5.2249825,20.0,
858,5.1877695,20.0,
859,5.2860014,20.0,
860,5.3979319,20.0,
861,5.3487922,20.0,
862,5.2628817,20.0,
863,5.2661727,20.0,
864,5.3396652,20.0,
865,5.3951059,20.0,
866,5.4688322,20.0,
867,5.4686685,20.0,
868,5.4179932,20.0,
869,5.5504271,20.0,
870,5.6439332,20.0,
871,5.6997457,20.0,
872,5.7379047,20.0,
873,5.619363,20.0,
874,5.606226,20.0,
875,5.747936,20.0,
876,5.8240653,20.0,
877,5.9085347,20.0,
878,5.9696829,20.0,
879,6.0156662,20.0,
880,6.0350964,20.0,
881,6.0608374,20.0,
882,6.1061597,20.0,
883,6.1512207,20.0,
884,6.1775802,20.0,
885,6.1355618,20.0,
886,6.1416369,20.0,
887,6.187246,20.0,
888,6.2136172,20.0,
889,6.2274675,20.0,
890,6.2487211,20.0,
891,6.2715406,20.0,
892,6.2915913,20.0,
893,6.3271953,20.0,
894,6.3507722,20.0,
895,6.372941,20.0,
896,6.3742207,20.0,
897,6.3451568,20.0,
898,6.397447,20.0,
899,6.4886616,20.0,
900,6.4986525,20.0,
901,6.5527849,20.0,
902,6.5944083,20.0,
903,6.6127302,20.0,
904,6.6159999,20.0,
905,6.6192696,20.0,
906,6.6280828,20.0,
907,6.6510587,20.0,
908,6.6748552,20.0,
909,6.6550926,20.0,
910,6.6456092,20.0,
911,6.6439743,20.0,
912,6.6303629,20.0,
913,6.6270806,20.0,
914,6.6152732,20.0,
915,6.5831208,20.0,
916,6.5749401,20.0,
917,6.5662271,20.0,
918,6.5496967,20.0,
919,6.5451242,20.0,
920,6.5375261,20.0,
921,6.4991974,20.0,
922,6.4913863,20.0,
923,6.4661368,20.0,
924,6.4555007,20.0,
925,6.4648652,20.0,
926,6.4465183,20.0,
927,6.4279896,20.0,
928,6.433076,20.0,
929,6.4225402,20.0,
930,6.404638,20.0,
931,6.3969272,20.0,
932,6.4152741,20.0,
933,6.4238117,20.0,
934,6.412186,20.0,
935,6.4183622,20.0,
936,6.388853,20.0,
937,6.3753106,20.0,
938,6.3602334,20.0,
939,6.3636848,20.0,
940,6.3502428,20.0,
941,6.3450057,20.0,
942,6.3486072,20.0,
943,6.336438,20.0,
944,6.3422506,20.0,
945,6.3467595,20.0,
946,6.3335316,20.0,
947,6.329535,20.0,
948,6.3377093,20.0,
949,6.3702244,20.0,
950,6.3765822,20.0,
951,6.3947474,20.0,
952,6.4120043,20.0,
953,6.4114594,20.0,
954,6.4012868,20.0,
955,6.3862097,20.0,
956,6.3767639,20.0,
957,6.3713143,20.0,
958,6.3753482,20.0,
959,6.3938392,20.0,
960,6.3836666,20.0,
961,6.3773089,20.0,
962,6.3753483,20.0,
963,6.3705877,20.0,
964,6.378762,20.0,
965,6.3858464,20.0,
966,6.38973,20.0,
967,6.3907511,20.0,
968,6.3925676,20.0,
969,6.4238117,20.0,
970,6.469181,20.0,
971,6.4817588,20.0,
972,6.4712231,20.0,
973,6.436164,20.0,
974,6.4356818,20.0,
975,6.4329145,20.0,
976,6.4290796,20.0,
977,6.4436118,20.0,
978,6.4474328,20.0,
979,6.4443385,20.0,
980,6.4367091,20.0,
981,6.4323493,20.0,
982,6.4285346,20.0,
983,6.420542,20.0,
984,6.4176356,20.0,
985,6.4174414,20.0,
986,6.4096428,20.0,
987,6.4147292,20.0,
988,6.4187255,20.0,
989,6.4297185,20.0,
990,6.4261732,20.0,
991,6.4334393,20.0,
992,6.4643202,20.0,
993,6.4858428,20.0,
994,6.5150011,20.0,
995,6.5547831,20.0,
996,6.5688016,20.0,
997,6.5694969,20.0,
998,6.5868223,20.0,
999,6.5572259,20.0,
1000,6.5535114,20.0,
1001,6.5546013,20.0,
1002,6.5400379,20.0,
1003,6.5168177,20.0,
1004,6.5028304,20.0,
1005,6.4868451,20.0,
1006,6.4560326,20.0,
1007,6.4539221,20.0,
1008,6.4341659,20.0,
1009,6.4211556,20.0,
1010,6.4197877,20.0,
1011,6.4083712,20.0,
1012,6.4065547,20.0,
1013,6.3814868,20.0,
1014,6.3714897,20.0,
1015,6.3807601,20.0,
1016,6.3851198,20.0,
1017,6.390093,20.0,
1018,6.3891161,20.0,
1019,6.4411188,20.0,
1020,6.4969044,20.0,
1021,6.5010139,20.0,
1022,6.521359,20.0,
1023,6.549575,20.0,
1024,6.5771262,20.0,
1025,6.5974712,20.0,
1026,6.6101933,20.0,
1027,6.6082573,20.0,
1028,6.6074622,20.0,
1029,6.5969263,20.0,
1030,6.5667721,20.0,
1031,6.5659954,20.0,
1032,6.5850743,20.0,
1033,6.5771947,20.0,
1034,6.5706553,20.0,
1035,6.5786233,20.0,
1036,6.5630259,20.0,
1037,6.5715874,20.0,
1038,6.59913,20.0,
1039,6.6140749,20.0,
1040,6.626765,20.0,
1041,6.6370508,20.0,
1042,6.6337184,20.0,
1043,6.6393884,20.0,
1044,6.6274439,20.0,
1045,6.6333939,20.0,
1046,6.6464986,20.0,
1047,6.6527175,20.0,
1048,6.6517407,20.0,
1049,6.642137,20.0,
1050,6.6470416,20.0,
1051,6.6667732,20.0,
1052,6.6772377,20.0,
1053,6.689459,20.0,
1054,6.6942982,20.0,
1055,6.7135565,20.0,
1056,6.7241847,20.0,
1057,6.7221462,20.0,
1058,6.7085035,20.0,
1059,6.7262113,20.0,
1060,6.7392645,20.0,
1061,6.7451759,20.0,
1062,6.7386169,20.0,
1063,6.7199383,20.0,
1064,6.7223909,20.0,
1065,6.6943699,20.0,
1066,6.6775227,20.0,
1067,6.670444,20.0,
1068,6.6446354,20.0,
1069,6.6065816,20.0,
1070,6.578401,20.0,
1071,6.5837827,20.0,
1072,6.5770837,20.0,
1073,6.5368849,20.0,
1074,6.4531294,20.0,
1075,6.4280934,20.0,
1076,6.3804151,20.0,
1077,6.3461008,20.0,
1078,6.2927958,20.0,
1079,6.1964191,20.0,
1080,6.2189665,20.0,
1081,6.2604869,20.0,
1082,6.1539356,20.0,
1083,6.1602922,20.0,
1084,6.2605348,20.0,
1085,6.2557821,20.0,
1086,6.2207529,20.0,
1087,6.2049264,20.0,
1088,6.2265392,20.0,
1089,6.0581635,20.0,
1090,6.005952,20.0,
1091,6.0288998,20.0,
1092,5.7556759,20.0,
1093,5.7240669,20.0,
1094,5.4279188,20.0,
1095,5.5579443,20.0,
1096,5.6167842,20.0,
1097,5.475185,20.0,
1098,5.6676244,20.0,
1099,5.5820403,20.0,
1100,5.7523067,20.0,
1101,5.5478357,20.0,
1102,5.8603227,20.0,
1103,5.9675548,20.0,
1104,5.9136514,20.0,
1105,5.9813849,20.0,
1106,5.6652581,20.0,
1107,5.6328112,20.0,
1108,5.4483928,20.0,
1109,5.3657454,20.0,
1110,5.3602427,20.0,
1111,5.695871,20.0,
1112,5.8131992,20.0,
1113,5.8165741,20.0,
1114,5.8285061,20.0,
1115,5.8562228,20.0,
1116,5.8263932,20.0,
1117,5.7683054,20.0,
1118,5.8717818,20.0,
1119,5.8741507,20.0,
1120,5.8298143,20.0,
1121,5.9872951,20.0,
1122,6.0661442,20.0,
1123,6.007719,20.0,
1124,5.8507771,20.0,
1125,5.9382249,20.0,
1126,6.1148168,20.0,
1127,6.1277594,20.0,
1128,6.1089442,20.0,
1129,6.0882521,20.0,
1130,6.202758,20.0,
1131,6.2642834,20.0,
1132,6.2878203,20.0,
1133,6.2524338,20.0,
1134,6.3537248,20.0,
1135,6.4185265,20.0,
1136,6.411658,20.0,
1137,6.4512217,20.0,
1138,6.4510158,20.0,
1139,6.3914814,20.0,
1140,6.3656352,20.0,
1141,6.354061,20.0,
1142,6.3109797,20.0,
1143,6.3127353,20.0,
1144,6.1362694,20.0,
1145,6.2208174,20.0,
1146,6.275801,20.0,
1147,6.1906763,20.0,
1148,6.2668493,20.0,
1149,6.3008151,20.0,
1150,6.3637641,20.0,
1151,6.3928442,20.0,
1152,6.359889,20.0,
1153,6.3681408,20.0,
1154,6.4096133,20.0,
1155,6.4298182,20.0,
1156,6.4583439,20.0,
1157,6.4867552,20.0,
1158,6.5189799,20.0,
1159,6.5309044,20.0,
1160,6.5368404,20.0,
1161,6.565593,20.0,
1162,6.5799122,20.0,
1163,6.6080615,20.0,
1164,6.6065187,20.0,
1165,6.6079751,20.0,
1166,6.6194696,20.0,
1167,6.6231855,20.0,
1168,6.625199,20.0,
1169,6.6327111,20.0,
1170,6.6243999,20.0,
1171,6.6187497,20.0,
1172,6.613679,20.0,
1173,6.6131361,20.0,
1174,6.6097678,20.0,
1175,6.6126378,20.0,
1176,6.619008,20.0,
1177,6.6484358,20.0,
1178,6.670099,20.0,
1179,6.6747068,20.0,
1180,6.6773184,20.0,
1181,6.6849478,20.0,
1182,6.6826177,20.0,
1183,6.6731404,20.0,
1184,6.6737985,20.0,
1185,6.6680604,20.0,
1186,6.6629679,20.0,
1187,6.6541508,20.0,
1188,6.6368979,20.0,
1189,6.6035915,20.0,
1190,6.5692354,20.0,
1191,6.5697897,20.0,
1192,6.5707089,20.0,
1193,6.5624345,20.0,
1194,6.5573387,20.0,
1195,6.5556365,20.0,
1196,6.5563475,20.0,
1197,6.5549772,20.0,
1198,6.547982,20.0,
1199,6.5405531,20.0,
1200,6.5418059,20.0,
1201,6.5456206,20.0,
1202,6.5735261,20.0,
1203,6.5926684,20.0,
1204,6.603386,20.0,
1205,6.6170099,20.0,
1206,6.6329828,20.0,
1207,6.6477091,20.0,
1208,6.661333,20.0,
1209,6.6815653,20.0,
1210,6.7023864,20.0,
1211,6.7062552,20.0,
1212,6.7078626,20.0,
1213,6.7097543,20.0,
1214,6.7068479,20.0,
1215,6.7050565,20.0,
1216,6.7012167,20.0,
1217,6.6934057,20.0,
1218,6.6806775,20.0,
1219,6.6616165,20.0,
1220,6.6494458,20.0,
1221,6.6349011,20.0,
1222,6.6196548,20.0,
1223,6.6027612,20.0,
1224,6.5868446,20.0,
1225,6.5682473,20.0,
1226,6.5502637,20.0,
1227,6.5402729,20.0,
1228,6.5266865,20.0,
1229,6.5148415,20.0,
1230,6.5073938,20.0,
1231,6.4881386,20.0,
1232,6.4809101,20.0,
1233,6.4672486,20.0,
1234,6.453988,20.0,
1235,6.4475863,20.0,
1236,6.4350962,20.0,
1237,6.433643,20.0,
1238,6.4239089,20.0,
1239,6.4245603,20.0,
1240,6.4176576,20.0,
1241,6.4089383,20.0,
1242,6.4105794,20.0,
1243,6.4209273,20.0,
1244,6.4329164,20.0,
1245,6.4274667,20.0,
1246,6.4347329,20.0,
1247,6.4233827,20.0,
1248,6.4178392,20.0,
1249,6.4065454,20.0,
1250,6.4091199,20.0,
1251,6.4107548,20.0,
1252,6.4139118,20.0,
1253,6.4056685,20.0,
1254,6.4087566,20.0,
1255,6.4084747,20.0,
1256,6.4122081,20.0,
1257,6.4111181,20.0,
1258,6.4107548,20.0,
1259,6.4118072,20.0,
1260,6.4125714,20.0,
1261,6.4122081,20.0,
1262,6.4130349,20.0,
1263,6.4091199,20.0,
1264,6.4078483,20.0,
1265,6.4005822,20.0,
1266,6.3956713,20.0,
1267,6.3827803,20.0,
1268,6.3744243,20.0,
1269,6.3632246,20.0,
1270,6.3504462,20.0,
1271,6.3440883,20.0,
1272,6.3311298,20.0,
1273,6.3242892,20.0,
1274,6.3184758,20.0,
1275,6.3172042,20.0,
1276,6.3070997,20.0,
1277,6.3001275,20.0,
1278,6.2957676,20.0,
1279,6.2921916,20.0,
1280,6.290683,20.0,
1281,6.2883218,20.0,
1282,6.290614,20.0,
1283,6.2906824,20.0,
1284,6.2846892,20.0,
1285,6.2809681,20.0,
1286,6.2677942,20.0,
1287,6.2603458,20.0,
1288,6.2460662,20.0,
1289,6.2347342,20.0,
1290,6.2287392,20.0,
1291,6.2351915,20.0,
1292,6.2392758,20.0,
1293,6.2483586,20.0,
1294,6.2552595,20.0,
1295,6.2634342,20.0,
1296,6.2702686,20.0,
1297,6.2688842,20.0,
1298,6.2776042,20.0,
1299,6.2813189,20.0,
1300,6.2777858,20.0,
1301,6.2817825,20.0,
1302,6.2907893,20.0,
1303,6.2932249,20.0,
1304,6.2988559,20.0,
1305,6.3155692,20.0,
1306,6.3297266,20.0,
1307,6.3421075,20.0,
1308,6.3414437,20.0,
1309,6.3528874,20.0,
1310,6.3608802,20.0,
1311,6.3632417,20.0,
1312,6.3732326,20.0,
1313,6.3888422,20.0,
1314,6.4119245,20.0,
1315,6.4344494,20.0,
1316,6.4506163,20.0,
1317,6.4546127,20.0,
1318,6.4502531,20.0,
1319,6.4248488,20.0,
1320,6.4125087,20.0,
1321,6.3760592,20.0,
1322,6.3511726,20.0,
1323,6.3276217,20.0,
1324,6.3124808,20.0,
1325,6.2957686,20.0,
1326,6.2772408,20.0,
1327,6.2825086,20.0,
1328,6.2944963,20.0,
1329,6.2879833,20.0,
1330,6.2950415,20.0,
1331,6.2825092,20.0,
1332,6.2954049,20.0,
1333,6.3061225,20.0,
1334,6.3235875,20.0,
1335,6.3127995,20.0,
1336,6.3078945,20.0,
1337,6.3097558,20.0,
1338,6.3210192,20.0,
1339,6.3254739,20.0,
1340,6.3192025,20.0,
1341,6.3186575,20.0,
1342,6.3069416,20.0,
1343,6.2977173,20.0,
1344,6.3135805,20.0,
1345,6.3320733,20.0,
1346,6.3389991,20.0,
1347,6.3394114,20.0,
1348,6.3326752,20.0,
1349,6.3236861,20.0,
1350,6.2994193,20.0,
1351,6.3002475,20.0,
1352,6.2974796,20.0,
1353,6.2916778,20.0,
1354,6.2815614,20.0,
1355,6.2452777,20.0,
1356,6.2267446,20.0,
1357,6.2124931,20.0,
1358,6.1816791,20.0,
1359,6.1612054,20.0,
1360,6.1437998,20.0,
1361,6.1170544,20.0,
1362,6.1023064,20.0,
1363,6.0760893,20.0,
1364,6.0395213,20.0,
1365,6.0056357,20.0,
1366,5.976669,20.0,
1367,5.9425999,20.0,
1368,5.902247,20.0,
1369,5.8792251,20.0,
1370,5.8649451,20.0,
1371,5.8428696,20.0,
1372,5.8298237,20.0,
1373,5.8170471,20.0,
1374,5.7998408,20.0,
1375,5.7904277,20.0,
1376,5.7731484,20.0,
1377,5.7783729,20.0,
1378,5.7726608,20.0,
1379,5.7409238,20.0,
1380,5.7240777,20.0,
1381,5.6951628,20.0,
1382,5.6637384,20.0,
1383,5.6340246,20.0,
1384,5.6227982,20.0,
1385,5.6092435,20.0,
1386,5.6075717,20.0,
1387,5.597792,20.0,
1388,5.5704024,20.0,
1389,5.5148051,20.0,
1390,5.4601619,20.0,
1391,5.4004217,20.0,
1392,5.3375375,20.0,
1393,5.2891209,20.0,
1394,5.2663834,20.0,
1395,5.271674,20.0,
1396,5.2569703,20.0,
1397,5.1665962,20.0,
1398,5.1578115,20.0,
1399,5.192951,20.0,
1400,5.2978931,20.0,
1401,5.4194532,20.0,
1402,5.5076652,20.0,
1403,5.569273,20.0,
1404,5.612155,20.0,
1405,5.550896,20.0,
1406,5.5027554,20.0,
1407,5.465473,20.0,
1408,5.4605927,20.0,
1409,5.4612492,20.0,
1410,5.4568675,20.0,
1411,5.4720249,20.0,
1412,5.4470711,20.0,
1413,5.4218573,20.0,
1414,5.424395,20.0,
1415,5.4486187,20.0,
1416,5.4646253,20.0,
1417,5.4941259,20.0,
1418,5.5257969,20.0,
1419,5.59153,20.0,
1420,5.6303086,20.0,
1421,5.6933805,20.0,
1422,5.7952982,20.0,
1423,5.8340385,20.0,
1424,5.8208016,20.0,
1425,5.8172372,20.0,
1426,5.8223538,20.0,
1427,5.829447,20.0,
1428,5.839001,20.0,
1429,5.8136681,20.0,
1430,5.7948738,20.0,
1431,5.8045908,20.0,
1432,5.8121102,20.0,
1433,5.8217946,20.0,
1434,5.8207581,20.0,
1435,5.8509473,20.0,
1436,5.9095117,20.0,
1437,5.9218174,20.0,
1438,5.9566164,20.0,
1439,6.0258726,20.0,
1440,6.0993558,20.0,
1441,6.1532721,20.0,
1442,6.219897,20.0,
1443,6.2355976,20.0,
1444,6.2464657,20.0,
1445,6.2459651,20.0,
1446,6.2399072,20.0,
1447,6.2796483,20.0,
1448,6.326981,20.0,
1449,6.3528273,20.0,
1450,6.3705914,20.0,
1451,6.3920766,20.0,
1452,6.4107969,20.0,
1453,6.4326747,20.0,
1454,6.4600379,20.0,
1455,6.4772741,20.0,
1456,6.4725284,20.0,
1457,6.4543167,20.0,
1458,6.4477509,20.0,
1459,6.449013,20.0,
1460,6.424401,20.0,
1461,6.428077,20.0,
1462,6.4616557,20.0,
1463,6.4863127,20.0,
1464,6.489898,20.0,
1465,6.4931563,20.0,
1466,6.5021258,20.0,
1467,6.5027014,20.0,
1468,6.4944963,20.0,
1469,6.5063038,20.0,
1470,6.5258776,20.0,
1471,6.5333513,20.0,
1472,6.5328252,20.0,
1473,6.5331885,20.0,
1474,6.5379115,20.0,
1475,6.543173,20.0,
1476,6.5422263,20.0,
1477,6.5420893,20.0,
1478,6.545453,20.0,
1479,6.553194,20.0,
1480,6.5529885,20.0,
1481,6.5457701,20.0,
1482,6.5364136,20.0,
1483,6.5330898,20.0,
1484,6.5361427,20.0,
1485,6.5340999,20.0,
1486,6.5308528,20.0,
1487,6.5294661,20.0,
1488,6.5178849,20.0,
1489,6.5147631,20.0,
1490,6.5194751,20.0,
1491,6.5202703,20.0,
1492,6.5186186,20.0,
1493,6.508463,20.0,
1494,6.5031026,20.0,
1495,6.5048953,20.0,
1496,6.5041506,20.0,
1497,6.5016972,20.0,
1498,6.501992,20.0,
1499,6.5103754,20.0,
1500,6.5147045,20.0,
1501,6.5167058,20.0,
1502,6.5214017,20.0,
1503,6.5186593,20.0,
1504,6.5184059,20.0,
1505,6.5183539,20.0,
1506,6.5194035,20.0,
1507,6.5283284,20.0,
1508,6.5406544,20.0,
1509,6.5447009,20.0,
1510,6.5483579,20.0,
1511,6.545606,20.0,
1512,6.5449699,20.0,
1513,6.5420208,20.0,
1514,6.5419883,20.0,
1515,6.5438134,20.0,
1516,6.5334116,20.0,
1517,6.5342306,20.0,
1518,6.5523563,20.0,
1519,6.5583187,20.0,
1520,6.5712876,20.0,
1521,6.5710336,20.0,
1522,6.561249,20.0,
1523,6.555213,20.0,
1524,6.5648613,20.0,
1525,6.5686413,20.0,
1526,6.5705402,20.0,
1527,6.5905634,20.0,
1528,6.5977157,20.0,
1529,6.6001527,20.0,
1530,6.6033716,20.0,
1531,6.6027759,20.0,
1532,6.6015789,20.0,
1533,6.600873,20.0,
1534,6.5993173,20.0,
1535,6.5999886,20.0,
1536,6.6054829,20.0,
1537,6.6071002,20.0,
1538,6.6090699,20.0,
1539,6.6112511,20.0,
1540,6.6031899,20.0,
1541,6.596695,20.0,
1542,6.6057637,20.0,
1543,6.5996492,20.0,
1544,6.5990804,20.0,
1545,6.6063729,20.0,
1546,6.6053905,20.0,
1547,6.5989402,20.0,
1548,6.6004205,20.0,
1549,6.603242,20.0,
1550,6.5970583,20.0,
1551,6.5892949,20.0,
1552,6.5815079,20.0,
1553,6.5764506,20.0,
1554,6.5766479,20.0,
1555,6.5841817,20.0,
1556,6.5853123,20.0,
1557,6.6066412,20.0,
1558,6.6275759,20.0,
1559,6.6333204,20.0,
1560,6.6327043,20.0,
1561,6.6362506,20.0,
1562,6.6397497,20.0,
1563,6.6551393,20.0,
1564,6.6591247,20.0,
1565,6.6682899,20.0,
1566,6.6763272,20.0,
1567,6.6778482,20.0,
1568,6.6798025,20.0,
1569,6.6849541,20.0,
1570,6.6842654,20.0,
1571,6.6756899,20.0,
1572,6.6670183,20.0,
1573,6.6549385,20.0,
1574,6.6531681,20.0,
1575,6.6558929,20.0,
1576,6.6616134,20.0,
1577,6.6665626,20.0,
1578,6.6636801,20.0,
1579,6.6638372,20.0,
1580,6.6691535,20.0,
1581,6.6798471,20.0,
1582,6.6902747,20.0,
1583,6.6946295,20.0,
1584,6.7028755,20.0,
1585,6.7022502,20.0,
1586,6.7045279,20.0,
1587,6.7049359,20.0,
1588,6.6981255,20.0,
1589,6.6966809,20.0,
1590,6.6982832,20.0,
1591,6.6915414,20.0,
1592,6.696764,20.0,
1593,6.6965145,20.0,
1594,6.6931077,20.0,
1595,6.6816429,20.0,
1596,6.6767297,20.0,
1597,6.6704936,20.0,
1598,6.6619767,20.0,
1599,6.6511938,20.0,
1600,6.6591388,20.0,
1601,6.6581786,20.0,
1602,6.6582305,20.0,
1603,6.6530789,20.0,
1604,6.6672892,20.0,
1605,6.6991645,20.0,
1606,6.692227,20.0,
1607,6.7273508,20.0,
1608,6.7389972,20.0,
1609,6.7530406,20.0,
1610,6.7528205,20.0,
1611,6.7527312,20.0,
1612,6.7479667,20.0,
1613,6.7278719,20.0,
1614,6.7462436,20.0,
1615,6.7418829,20.0,
1616,6.7446731,20.0,
1617,6.7470346,20.0,
1618,6.742514,20.0,
1619,6.7472546,20.0,
1620,6.7440357,20.0,
1621,6.7327478,20.0,
1622,6.7252666,20.0,
1623,6.7286639,20.0,
1624,6.7010351,20.0,
1625,6.7031442,20.0,
1626,6.7053915,20.0,
1627,6.6931555,20.0,
1628,6.6795316,20.0,
1629,6.6625216,20.0,
1630,6.6593663,20.0,
1631,6.6510329,20.0,
1632,6.6488116,20.0,
1633,6.6321028,20.0,
1634,6.6136882,20.0,
1635,6.6306206,20.0,
1636,6.6323127,20.0,
1637,6.6262,20.0,
1638,6.5967415,20.0,
1639,6.5982953,20.0,
1640,6.5874153,20.0,
1641,6.5694478,20.0,
1642,6.5623244,20.0,
1643,6.5446878,20.0,
1644,6.5303179,20.0,
1645,6.527214,20.0,
1646,6.5003145,20.0,
1647,6.4712921,20.0,
1648,6.462872,20.0,
1649,6.4598914,20.0,
1650,6.4182516,20.0,
1651,6.4070677,20.0,
1652,6.3240935,20.0,
1653,6.2863507,20.0,
1654,6.2830344,20.0,
1655,6.2805003,20.0,
1656,6.281042,20.0,
1657,6.2809131,20.0,
1658,6.2726325,20.0,
1659,6.2696974,20.0,
1660,6.2701128,20.0,
1661,6.2671535,20.0,
1662,6.2866197,20.0,
1663,6.2932343,20.0,
1664,0.0,20.0,
1665,0.0,19.94738,
1666,0.0,19.895155,
1667,0.0,19.843153,
1668,0.0,19.791509,
1669,0.0,19.740085,
1670,0.0,19.689121,
1671,0.0,19.638503,
1672,0.0,19.588088,
1673,0.0,19.537693,
1674,0.0,19.487526,
1675,0.0,19.437596,
1676,0.0,19.38723,
1677,0.0,19.336872,
1678,0.0,19.287858,
1679,0.0,19.240067,
1680,0.0,19.192207,
1681,0.0,19.144222,
1682,0.0,19.095789,
1683,0.0,19.047257,
1684,0.0,18.999041,
1685,0.0,18.95111,
1686,0.0,18.902971,
1687,0.0,18.855083,
1688,0.0,18.807744,
1689,0.0,18.760898,
1690,0.0,18.714137,
